GEO_ID,Name,Total_Poverty,Percent_Poverty,Total_Less_Than_9th,Total_9_12_NoDiploma,Total_HS_Diploma,Total_College_NoDegree,Total_Associates,Total_Bachelors,Total_Graduate,Percent_Less_Than_9th,Percent_9_12_NoDiploma,Percent_HS_Diploma,Percent_College_NoDegree,Percent_Associates,Percent_Bachelors,Percent_Graduate,Median_Income,Unemployment_Rate
0500000US17001,"Adams County, Illinois",37230,11.2,894,2687,15776,10804,4140,7537,4024,1.9,5.9,34.4,23.6,9.0,16.4,8.8,55052,4.1
0500000US17003,"Alexander County, Illinois",3256,25.6,193,417,1661,1078,445,380,114,4.5,9.7,38.7,25.1,10.4,8.9,2.7,34709,7.7
0500000US17005,"Bond County, Illinois",8619,14.4,251,940,3926,2905,1245,1568,1006,2.1,7.9,33.2,24.5,10.5,13.2,8.5,53568,2.6
0500000US17007,"Boone County, Illinois",31673,7.7,2001,2673,11331,7694,2915,5125,3364,5.7,7.6,32.3,21.9,8.3,14.6,9.6,70396,7.5
0500000US17009,"Brown County, Illinois",2739,10.3,196,655,1889,1112,356,494,126,4.1,13.6,39.1,23.0,7.4,10.2,2.6,60694,3.1
0500000US17011,"Bureau County, Illinois",18528,11.3,624,1563,8426,5718,2225,3234,1607,2.7,6.7,36.0,24.4,9.5,13.8,6.9,55549,5.0
0500000US17013,"Calhoun County, Illinois",2614,8.8,99,123,1449,703,558,334,212,2.8,3.5,41.7,20.2,16.0,9.6,6.1,66602,4.4
0500000US17015,"Carroll County, Illinois",7597,10.9,246,810,4020,2560,947,1385,725,2.3,7.6,37.6,23.9,8.9,13.0,6.8,52813,5.8
0500000US17017,"Cass County, Illinois",7119,15.9,575,815,3393,1613,625,974,361,6.9,9.8,40.6,19.3,7.5,11.7,4.3,53899,6.4
0500000US17019,"Champaign County, Illinois",129660,22.6,1774,4480,26809,24109,10139,25835,29324,1.4,3.7,21.9,19.7,8.3,21.1,23.9,53936,4.8
0500000US17021,"Christian County, Illinois",18310,10.5,690,2100,9454,4818,2401,3023,1231,2.9,8.9,39.9,20.3,10.1,12.7,5.2,52120,3.4
0500000US17023,"Clark County, Illinois",8975,9.5,236,505,4266,2011,1515,1517,868,2.2,4.6,39.1,18.4,13.9,13.9,8.0,59481,4.0
0500000US17025,"Clay County, Illinois",7438,17.7,286,862,3550,2022,1150,911,515,3.1,9.3,38.2,21.8,12.4,9.8,5.5,52167,5.6
0500000US17027,"Clinton County, Illinois",21471,7.0,1081,1551,8633,5698,3998,4054,1755,4.0,5.8,32.2,21.3,14.9,15.1,6.6,67179,3.1
0500000US17029,"Coles County, Illinois",30189,22.4,978,1999,10219,7416,3682,5011,3559,3.0,6.1,31.1,22.6,11.2,15.2,10.8,46411,6.8
0500000US17031,"Cook County, Illinois",3231513,12.3,224447,217601,811264,660139,238063,846361,587058,6.3,6.1,22.6,18.4,6.6,23.6,16.4,67886,7.0
0500000US17033,"Crawford County, Illinois",9591,13.0,447,1479,4000,3277,2360,1550,741,3.2,10.7,28.9,23.7,17.0,11.2,5.3,50968,4.0
0500000US17035,"Cumberland County, Illinois",6203,11.1,178,437,3065,1491,1007,1034,403,2.3,5.7,40.2,19.6,13.2,13.6,5.3,59271,2.3
0500000US17037,"DeKalb County, Illinois",65192,16.7,1888,2968,15693,14830,6410,12476,7533,3.1,4.8,25.4,24.0,10.4,20.2,12.2,62353,6.6
0500000US17039,"De Witt County, Illinois",9178,9.3,239,576,4449,2739,932,1648,639,2.1,5.1,39.6,24.4,8.3,14.7,5.7,57727,4.8
0500000US17041,"Douglas County, Illinois",11095,9.4,1344,819,4335,2745,1219,1865,759,10.3,6.3,33.1,21.0,9.3,14.3,5.8,59620,3.2
0500000US17043,"DuPage County, Illinois",564655,5.7,22554,20272,115694,111707,46012,194631,125421,3.5,3.2,18.2,17.6,7.2,30.6,19.7,94930,4.4
0500000US17045,"Edgar County, Illinois",9893,11.7,418,842,4875,2746,1464,1600,668,3.3,6.7,38.7,21.8,11.6,12.7,5.3,48543,4.5
0500000US17047,"Edwards County, Illinois",3592,13.1,77,278,1554,1181,837,459,145,1.7,6.1,34.3,26.1,18.5,10.1,3.2,53801,7.7
0500000US17049,"Effingham County, Illinois",20074,10.0,799,828,7962,5056,3412,3794,1659,3.4,3.5,33.9,21.5,14.5,16.1,7.1,59932,2.6
0500000US17051,"Fayette County, Illinois",11501,16.2,570,1488,6076,3355,1839,1355,525,3.7,9.8,40.0,22.1,12.1,8.9,3.5,45634,4.4
0500000US17053,"Ford County, Illinois",7566,12.6,216,599,3314,2161,944,1285,712,2.3,6.5,35.9,23.4,10.2,13.9,7.7,50582,4.4
0500000US17055,"Franklin County, Illinois",21967,18.5,669,2411,8999,7573,3100,3265,1397,2.4,8.8,32.8,27.6,11.3,11.9,5.1,43671,7.2
0500000US17057,"Fulton County, Illinois",18648,15.7,693,1999,9165,6182,2581,3151,1472,2.7,7.9,36.3,24.5,10.2,12.5,5.8,52243,6.8
0500000US17059,"Gallatin County, Illinois",2753,21.4,181,306,1407,962,354,274,145,5.0,8.4,38.8,26.5,9.8,7.6,4.0,43092,8.7
0500000US17061,"Greene County, Illinois",7504,13.5,222,444,4293,1936,929,1020,394,2.4,4.8,46.5,21.0,10.1,11.0,4.3,51746,2.9
0500000US17063,"Grundy County, Illinois",30837,5.9,584,1603,10766,9160,3196,5657,2971,1.7,4.7,31.7,27.0,9.4,16.7,8.8,75767,4.4
0500000US17065,"Hamilton County, Illinois",4633,11.5,354,432,1773,1437,595,727,508,6.1,7.4,30.4,24.7,10.2,12.5,8.7,55977,3.5
0500000US17067,"Hancock County, Illinois",9817,11.5,200,645,4662,2883,1623,2033,837,1.6,5.0,36.2,22.4,12.6,15.8,6.5,55818,5.6
0500000US17069,"Hardin County, Illinois",2291,14.0,130,270,1088,696,492,225,113,4.3,9.0,36.1,23.1,16.3,7.5,3.7,50847,6.3
0500000US17071,"Henderson County, Illinois",3750,9.9,72,332,2110,1116,533,662,222,1.4,6.6,41.8,22.1,10.6,13.1,4.4,55759,6.2
0500000US17073,"Henry County, Illinois",27738,9.5,603,2008,11742,7623,4318,5679,2509,1.7,5.8,34.1,22.1,12.5,16.5,7.3,60000,4.2
0500000US17075,"Iroquois County, Illinois",15482,11.8,713,1608,7675,4580,1902,2132,868,3.7,8.3,39.4,23.5,9.8,10.9,4.5,54445,5.7
0500000US17077,"Jackson County, Illinois",34525,27.2,881,1685,8485,8352,3083,5674,6723,2.5,4.8,24.3,23.9,8.8,16.3,19.3,39689,8.9
0500000US17079,"Jasper County, Illinois",5499,10.3,194,300,2473,1300,1170,816,441,2.9,4.5,36.9,19.4,17.5,12.2,6.6,55911,4.4
0500000US17081,"Jefferson County, Illinois",20504,13.2,788,2112,8248,7195,3552,2965,1639,3.0,8.0,31.1,27.2,13.4,11.2,6.2,51662,6.2
0500000US17083,"Jersey County, Illinois",12492,8.1,368,684,5474,3039,1912,2296,1379,2.4,4.5,36.1,20.1,12.6,15.2,9.1,67845,4.3
0500000US17085,"Jo Daviess County, Illinois",11310,9.7,568,655,5587,3419,1599,2643,1602,3.5,4.1,34.8,21.3,9.9,16.4,10.0,59223,2.4
0500000US17087,"Johnson County, Illinois",5341,12.3,459,1165,3005,2143,911,1109,359,5.0,12.7,32.8,23.4,10.0,12.1,3.9,55363,3.7
0500000US17089,"Kane County, Illinois",320813,7.2,27095,22832,79551,71834,26363,78305,42456,7.8,6.6,22.8,20.6,7.6,22.5,12.2,83374,5.0
0500000US17091,"Kankakee County, Illinois",63292,11.9,3161,5384,25224,17202,6851,9433,5553,4.3,7.4,34.6,23.6,9.4,13.0,7.6,59370,5.4
0500000US17093,"Kendall County, Illinois",77829,3.7,2427,3818,18858,18055,8783,18732,10328,3.0,4.7,23.3,22.3,10.8,23.1,12.8,96854,4.1
0500000US17095,"Knox County, Illinois",26114,18.2,990,2967,12303,7917,4011,4317,2380,2.8,8.5,35.3,22.7,11.5,12.4,6.8,44464,5.2
0500000US17097,"Lake County, Illinois",417004,6.9,22063,20164,92200,83084,29965,123494,87781,4.8,4.4,20.1,18.1,6.5,26.9,19.1,92654,5.3
0500000US17099,"LaSalle County, Illinois",63114,13.2,2300,5700,27490,18956,8360,9325,4811,3.0,7.4,35.7,24.6,10.9,12.1,6.3,60069,6.0
0500000US17101,"Lawrence County, Illinois",8010,13.7,504,1237,4231,2406,1581,1071,544,4.4,10.7,36.6,20.8,13.7,9.3,4.7,53087,4.6
0500000US17103,"Lee County, Illinois",18317,12.6,636,1968,8585,6339,2836,3096,1592,2.5,7.9,34.3,25.3,11.3,12.4,6.4,59986,3.3
0500000US17105,"Livingston County, Illinois",19503,11.9,749,1834,10635,5759,2100,2817,1375,3.0,7.3,42.1,22.8,8.3,11.1,5.4,58676,4.9
0500000US17107,"Logan County, Illinois",14515,9.9,551,1472,7369,4951,1861,2676,1258,2.7,7.3,36.6,24.6,9.2,13.3,6.2,58122,5.7
0500000US17109,"McDonough County, Illinois",16830,25.6,258,609,5590,3889,1931,2896,2983,1.4,3.4,30.8,21.4,10.6,16.0,16.4,43591,9.1
0500000US17111,"McHenry County, Illinois",189643,5.7,5601,8419,54099,48447,18992,49360,24365,2.7,4.0,25.8,23.1,9.1,23.6,11.6,90014,4.7
0500000US17113,"McLean County, Illinois",105091,17.6,1321,2636,25297,20420,8522,30851,15955,1.3,2.5,24.1,19.4,8.1,29.4,15.2,68037,3.3
0500000US17115,"Macon County, Illinois",58272,14.6,1579,4722,24815,17704,6421,11316,5728,2.2,6.5,34.3,24.5,8.9,15.7,7.9,53725,7.7
0500000US17117,"Macoupin County, Illinois",26206,13.8,664,2051,12877,7329,3294,4059,1882,2.1,6.4,40.0,22.8,10.2,12.6,5.9,56264,5.5
0500000US17119,"Madison County, Illinois",157618,12.6,3656,9848,53471,46922,19940,32264,19156,2.0,5.3,28.9,25.3,10.8,17.4,10.3,64045,5.4
0500000US17121,"Marion County, Illinois",21169,16.1,861,1900,8958,7015,3208,2731,1515,3.3,7.3,34.2,26.8,12.2,10.4,5.8,49925,8.8
0500000US17123,"Marshall County, Illinois",6483,10.9,171,467,3199,2150,868,1155,369,2.0,5.6,38.2,25.7,10.4,13.8,4.4,57303,4.4
0500000US17125,"Mason County, Illinois",7625,15.3,393,673,3926,2113,1064,1130,486,4.0,6.9,40.1,21.6,10.9,11.5,5.0,50883,6.1
0500000US17127,"Massac County, Illinois",8010,17.5,385,751,3588,2672,1284,1002,382,3.8,7.5,35.7,26.6,12.8,10.0,3.8,51195,5.6
0500000US17129,"Menard County, Illinois",7079,6.9,89,323,3022,2177,1040,1245,771,1.0,3.7,34.9,25.1,12.0,14.4,8.9,77550,4.9
0500000US17131,"Mercer County, Illinois",8771,10.2,219,645,4472,2666,1111,1287,708,2.0,5.8,40.3,24.0,10.0,11.6,6.4,57182,4.1
0500000US17133,"Monroe County, Illinois",20641,2.6,214,810,6427,5800,2258,5602,3336,0.9,3.3,26.3,23.7,9.2,22.9,13.6,89648,2.4
0500000US17135,"Montgomery County, Illinois",14544,15.1,541,1948,8248,4488,1838,2361,1412,2.6,9.3,39.6,21.5,8.8,11.3,6.8,54886,4.5
0500000US17137,"Morgan County, Illinois",18394,13.0,645,1774,9429,5336,1820,3146,1591,2.7,7.5,39.7,22.5,7.7,13.3,6.7,53002,5.5
0500000US17139,"Moultrie County, Illinois",8020,8.5,872,499,3402,2069,961,1347,667,8.9,5.1,34.7,21.1,9.8,13.7,6.8,64033,3.1
0500000US17141,"Ogle County, Illinois",29762,8.2,1310,2091,12073,8268,4026,5032,2692,3.7,5.9,34.0,23.3,11.3,14.2,7.6,63643,6.2
0500000US17143,"Peoria County, Illinois",103992,15.6,2911,7087,34422,28151,11486,23312,14623,2.4,5.8,28.2,23.1,9.4,19.1,12.0,55729,7.6
0500000US17145,"Perry County, Illinois",10617,18.2,585,1972,5630,3520,1780,1286,491,3.8,12.9,36.9,23.1,11.7,8.4,3.2,51616,5.7
0500000US17147,"Piatt County, Illinois",9526,6.2,139,579,3849,2160,1399,2303,1150,1.2,5.0,33.2,18.7,12.1,19.9,9.9,73668,3.7
0500000US17149,"Pike County, Illinois",8596,14.7,278,846,4475,2651,946,1147,547,2.6,7.8,41.1,24.3,8.7,10.5,5.0,46605,5.5
0500000US17151,"Pope County, Illinois",2157,29.9,130,249,1489,733,224,365,195,3.8,7.4,44.0,21.7,6.6,10.8,5.8,43140,6.8
0500000US17153,"Pulaski County, Illinois",3047,18.7,100,298,1531,1118,343,256,194,2.6,7.8,39.9,29.1,8.9,6.7,5.1,37308,6.5
0500000US17155,"Putnam County, Illinois",3275,10.8,80,214,1549,1065,490,503,304,1.9,5.1,36.8,25.3,11.7,12.0,7.2,64694,2.7
0500000US17157,"Randolph County, Illinois",16624,12.1,793,2740,8986,5791,1927,1818,1187,3.4,11.8,38.7,24.9,8.3,7.8,5.1,55319,4.4
0500000US17159,"Richland County, Illinois",8795,14.2,238,753,3180,2685,1813,1536,763,2.2,6.9,29.0,24.5,16.5,14.0,7.0,55032,4.7
0500000US17161,"Rock Island County, Illinois",79872,13.1,3593,7366,28670,25067,10268,15085,8325,3.7,7.5,29.1,25.5,10.4,15.3,8.5,55980,5.8
0500000US17163,"St. Clair County, Illinois",156875,13.5,4448,10354,49550,43664,18443,30351,21389,2.5,5.8,27.8,24.5,10.3,17.0,12.0,57473,5.4
0500000US17165,"Saline County, Illinois",13729,20.1,777,1369,4773,4488,2228,2297,1099,4.6,8.0,28.0,26.4,13.1,13.5,6.5,43928,7.9
0500000US17167,"Sangamon County, Illinois",115214,13.4,2474,7749,37590,30588,11411,28706,17862,1.8,5.7,27.6,22.4,8.4,21.0,13.1,61743,5.0
0500000US17169,"Schuyler County, Illinois",4072,23.3,141,330,1840,1326,540,734,345,2.7,6.3,35.0,25.2,10.3,14.0,6.6,51376,7.2
0500000US17171,"Scott County, Illinois",2881,11.5,65,153,1680,617,309,574,175,1.8,4.3,47.0,17.3,8.6,16.1,4.9,59352,3.6
0500000US17173,"Shelby County, Illinois",12065,11.7,218,810,6898,3267,1752,1785,787,1.4,5.2,44.5,21.1,11.3,11.5,5.1,59134,4.0
0500000US17175,"Stark County, Illinois",3034,13.4,122,282,1526,811,394,486,218,3.2,7.3,39.7,21.1,10.3,12.7,5.7,53828,3.2
0500000US17177,"Stephenson County, Illinois",24636,14.8,844,1678,10721,8631,3256,4370,2249,2.7,5.3,33.8,27.2,10.3,13.8,7.1,50466,6.8
0500000US17179,"Tazewell County, Illinois",76158,9.2,1934,4411,29623,22353,10450,16634,7493,2.1,4.7,31.9,24.1,11.2,17.9,8.1,66220,4.2
0500000US17181,"Union County, Illinois",9689,20.0,532,777,4230,2768,1010,1927,878,4.4,6.4,34.9,22.8,8.3,15.9,7.2,51655,5.2
0500000US17183,"Vermilion County, Illinois",41852,18.0,1418,4015,21636,11371,5828,5299,2841,2.7,7.7,41.3,21.7,11.1,10.1,5.4,46842,5.8
0500000US17185,"Wabash County, Illinois",6507,11.8,193,487,2514,1926,1469,1010,530,2.4,6.0,30.9,23.7,18.1,12.4,6.5,48878,4.4
0500000US17187,"Warren County, Illinois",9102,10.9,452,880,3705,2664,889,1760,758,4.1,7.9,33.4,24.0,8.0,15.8,6.8,54291,8.5
0500000US17189,"Washington County, Illinois",8035,6.7,304,541,3223,2305,1620,1404,714,3.0,5.4,31.9,22.8,16.0,13.9,7.1,64390,5.2
0500000US17191,"Wayne County, Illinois",9094,12.7,662,785,4024,2499,1921,1170,469,5.7,6.8,34.9,21.7,16.7,10.1,4.1,50205,3.7
0500000US17193,"White County, Illinois",7586,14.7,299,605,3430,2306,1555,1174,520,3.0,6.1,34.7,23.3,15.7,11.9,5.3,48303,6.0
0500000US17195,"Whiteside County, Illinois",31311,9.9,1191,2192,14707,9606,4018,4736,2656,3.0,5.6,37.6,24.6,10.3,12.1,6.8,57172,3.7
0500000US17197,"Will County, Illinois",421565,5.9,17042,21400,119799,99056,39063,101412,57014,3.7,4.7,26.3,21.8,8.6,22.3,12.5,90800,4.9
0500000US17199,"Williamson County, Illinois",38181,13.4,1126,2507,14245,12531,5121,7388,4833,2.4,5.3,29.8,26.2,10.7,15.5,10.1,52076,5.3
0500000US17201,"Winnebago County, Illinois",165900,14.8,7665,15929,59645,47517,18364,28745,15765,4.0,8.2,30.8,24.5,9.5,14.8,8.1,55310,7.8
0500000US17203,"Woodford County, Illinois",21807,6.3,352,1071,7895,5061,2835,5620,3180,1.4,4.1,30.3,19.5,10.9,21.6,12.2,74777,3.6
0500000US18001,"Adams County, Indiana",18763,15.1,2118,1075,8976,3847,2105,2225,961,9.9,5.0,42.1,18.1,9.9,10.4,4.5,52712,3.0
0500000US18003,"Allen County, Indiana",221677,11.6,10386,14357,70137,52564,26707,47685,23196,4.2,5.9,28.6,21.5,10.9,19.5,9.5,57104,5.0
0500000US18005,"Bartholomew County, Indiana",49582,12.0,1922,3724,17621,9281,4909,11004,8248,3.4,6.6,31.1,16.4,8.7,19.4,14.5,66978,4.4
0500000US18007,"Benton County, Indiana",4957,15.0,144,471,2311,1394,461,832,245,2.5,8.0,39.5,23.8,7.9,14.2,4.2,52656,3.3
0500000US18009,"Blackford County, Indiana",6679,19.0,253,501,4003,1794,740,658,499,3.0,5.9,47.4,21.2,8.8,7.8,5.9,44341,6.1
0500000US18011,"Boone County, Indiana",40167,6.4,828,1573,8242,7433,3709,13681,8835,1.9,3.6,18.6,16.8,8.4,30.9,19.9,89444,3.4
0500000US18013,"Brown County, Indiana",8744,9.3,187,576,3798,2622,941,2059,1315,1.6,5.0,33.0,22.8,8.2,17.9,11.4,66833,4.2
0500000US18015,"Carroll County, Indiana",11651,6.7,412,1281,5798,3049,1421,1520,650,2.9,9.1,41.0,21.6,10.1,10.8,4.6,56159,2.6
0500000US18017,"Cass County, Indiana",21927,13.5,1623,2204,10583,5451,2709,2310,1061,6.3,8.5,40.8,21.0,10.4,8.9,4.1,49020,4.4
0500000US18019,"Clark County, Indiana",71733,8.9,2066,5887,28998,19064,8533,11224,5649,2.5,7.2,35.6,23.4,10.5,13.8,6.9,57111,4.1
0500000US18021,"Clay County, Indiana",14987,13.0,254,1426,7692,3517,2320,2145,870,1.4,7.8,42.2,19.3,12.7,11.8,4.8,59398,4.6
0500000US18023,"Clinton County, Indiana",18302,10.9,1118,1689,9534,3821,1929,2065,1037,5.3,8.0,45.0,18.0,9.1,9.7,4.9,53750,3.6
0500000US18025,"Crawford County, Indiana",6111,16.5,321,962,3513,1351,515,476,302,4.3,12.9,47.2,18.2,6.9,6.4,4.1,41761,2.9
0500000US18027,"Daviess County, Indiana",18149,11.5,3032,1930,7349,3319,2378,1776,869,14.7,9.3,35.6,16.1,11.5,8.6,4.2,53800,3.5
0500000US18029,"Dearborn County, Indiana",29401,7.5,889,2472,13042,6224,3033,5824,3056,2.6,7.2,37.8,18.0,8.8,16.9,8.8,70779,3.4
0500000US18031,"Decatur County, Indiana",15670,9.8,563,926,8154,3151,1599,2354,1141,3.1,5.2,45.6,17.6,8.9,13.2,6.4,60794,4.0
0500000US18033,"DeKalb County, Indiana",25633,9.3,563,2061,12839,5793,2713,3866,1396,1.9,7.1,43.9,19.8,9.3,13.2,4.8,58415,3.7
0500000US18035,"Delaware County, Indiana",68090,24.7,1566,5390,24388,15289,6761,10044,7646,2.2,7.6,34.3,21.5,9.5,14.1,10.8,45910,6.4
0500000US18037,"Dubois County, Indiana",24557,7.3,1278,1787,10877,4220,3336,5412,1963,4.4,6.2,37.7,14.6,11.6,18.7,6.8,62846,2.2
0500000US18039,"Elkhart County, Indiana",116841,10.6,10598,14007,45052,25863,9355,16952,8527,8.1,10.7,34.6,19.8,7.2,13.0,6.5,58509,4.4
0500000US18041,"Fayette County, Indiana",13315,19.1,767,1903,7181,2718,1190,1692,694,4.8,11.8,44.5,16.8,7.4,10.5,4.3,47465,4.4
0500000US18043,"Floyd County, Indiana",47114,8.9,1184,3678,16293,11420,4997,10405,5801,2.2,6.8,30.3,21.2,9.3,19.3,10.8,67603,4.1
0500000US18045,"Fountain County, Indiana",9556,12.6,388,917,5129,2497,1020,1068,551,3.4,7.9,44.3,21.6,8.8,9.2,4.8,52334,5.4
0500000US18047,"Franklin County, Indiana",13196,6.6,651,1113,6405,2922,1311,2074,1112,4.2,7.1,41.1,18.7,8.4,13.3,7.1,68180,2.4
0500000US18049,"Fulton County, Indiana",11266,14.1,522,1289,5512,3425,1070,1299,711,3.8,9.3,39.9,24.8,7.7,9.4,5.1,50597,6.9
0500000US18051,"Gibson County, Indiana",19369,9.1,501,1232,9442,4752,2679,2986,1272,2.2,5.4,41.3,20.8,11.7,13.1,5.6,56638,3.0
0500000US18053,"Grant County, Indiana",34794,18.6,1532,3739,16884,9621,4131,4685,3333,3.5,8.5,38.4,21.9,9.4,10.7,7.6,46900,7.3
0500000US18055,"Greene County, Indiana",18810,13.7,645,2091,9202,4929,2611,2279,1107,2.8,9.1,40.2,21.6,11.4,10.0,4.8,51777,5.5
0500000US18057,"Hamilton County, Indiana",200112,4.1,1827,4381,32104,33882,15570,79029,49195,0.8,2.0,14.9,15.7,7.2,36.6,22.8,98880,2.8
0500000US18059,"Hancock County, Indiana",45743,5.2,790,2904,16475,11119,4847,11198,5647,1.5,5.5,31.1,21.0,9.1,21.1,10.7,75647,2.7
0500000US18061,"Harrison County, Indiana",23874,9.3,556,2340,11809,5994,2441,3259,1962,2.0,8.3,41.6,21.1,8.6,11.5,6.9,59169,5.0
0500000US18063,"Hendricks County, Indiana",100328,4.9,1681,4683,29937,22005,9738,27770,15507,1.5,4.2,26.9,19.8,8.7,24.9,13.9,84754,3.6
0500000US18065,"Henry County, Indiana",26251,13.6,727,2623,15030,7239,3100,3691,1930,2.1,7.6,43.8,21.1,9.0,10.7,5.6,51104,4.2
0500000US18067,"Howard County, Indiana",47270,11.8,1689,3550,21429,13275,5174,7791,4282,3.0,6.2,37.5,23.2,9.0,13.6,7.5,56387,5.3
0500000US18069,"Huntington County, Indiana",21288,11.4,592,1439,10431,4945,2360,3415,1839,2.4,5.8,41.7,19.8,9.4,13.6,7.3,54286,2.4
0500000US18071,"Jackson County, Indiana",25978,12.8,999,2365,12175,6639,2495,3615,1754,3.3,7.9,40.5,22.1,8.3,12.0,5.8,55097,3.3
0500000US18073,"Jasper County, Indiana",19053,8.6,453,1965,10116,4746,2008,2325,1107,2.0,8.6,44.5,20.9,8.8,10.2,4.9,61889,4.7
0500000US18075,"Jay County, Indiana",11710,12.8,698,938,6524,2658,1263,1146,584,5.1,6.8,47.2,19.2,9.1,8.3,4.2,45864,3.3
0500000US18077,"Jefferson County, Indiana",17765,13.2,830,1567,9318,4405,2414,2540,1349,3.7,7.0,41.6,19.6,10.8,11.3,6.0,51981,3.4
0500000US18079,"Jennings County, Indiana",16580,9.4,561,1658,8502,4459,1332,1725,688,3.0,8.8,44.9,23.6,7.0,9.1,3.6,61610,3.2
0500000US18081,"Johnson County, Indiana",93341,7.1,2632,5790,32443,20856,8846,21997,11698,2.5,5.6,31.1,20.0,8.5,21.1,11.2,72928,3.6
0500000US18083,"Knox County, Indiana",20829,16.2,751,2121,8898,5035,3721,2468,1580,3.1,8.6,36.2,20.5,15.1,10.0,6.4,47394,3.6
0500000US18085,"Kosciusko County, Indiana",46059,8.8,2870,4138,18069,10952,4028,8129,4753,5.4,7.8,34.1,20.7,7.6,15.4,9.0,62789,3.6
0500000US18087,"LaGrange County, Indiana",21039,6.6,7253,1752,6954,3251,1249,1756,914,31.4,7.6,30.1,14.1,5.4,7.6,4.0,69331,3.4
0500000US18089,"Lake County, Indiana",289203,13.9,13606,22219,116972,72619,27952,50222,25844,4.1,6.7,35.5,22.0,8.5,15.2,7.8,57530,7.0
0500000US18091,"LaPorte County, Indiana",59858,13.6,2095,6174,30479,16718,7056,10057,4704,2.7,8.0,39.4,21.6,9.1,13.0,6.1,57010,5.5
0500000US18093,"Lawrence County, Indiana",26231,10.5,1111,2411,13297,6003,3339,3639,2411,3.4,7.5,41.3,18.6,10.4,11.3,7.5,57740,4.2
0500000US18095,"Madison County, Indiana",73277,15.6,2292,7508,36173,19525,8300,10863,5613,2.5,8.3,40.1,21.6,9.2,12.0,6.2,51476,5.4
0500000US18097,"Marion County, Indiana",591476,14.9,28464,55204,173864,121761,48854,131401,71428,4.5,8.7,27.6,19.3,7.7,20.8,11.3,51219,5.7
0500000US18099,"Marshall County, Indiana",26291,11.7,1695,2894,11882,5987,2378,3860,2245,5.5,9.4,38.4,19.3,7.7,12.5,7.3,54207,3.4
0500000US18101,"Martin County, Indiana",5709,10.9,223,677,3083,1249,997,621,280,3.1,9.5,43.2,17.5,14.0,8.7,3.9,55378,1.6
0500000US18103,"Miami County, Indiana",19934,14.1,912,2535,10316,5538,2145,2278,1139,3.7,10.2,41.5,22.3,8.6,9.2,4.6,50616,4.9
0500000US18105,"Monroe County, Indiana",90645,27.6,1260,4699,18818,15120,6847,19959,18739,1.5,5.5,22.0,17.7,8.0,23.4,21.9,52229,6.4
0500000US18107,"Montgomery County, Indiana",21799,11.5,574,1938,10630,5712,1919,3508,1941,2.2,7.4,40.5,21.8,7.3,13.4,7.4,56408,3.9
0500000US18109,"Morgan County, Indiana",42270,7.8,1198,4567,19565,10163,4060,5964,3088,2.5,9.4,40.3,20.9,8.4,12.3,6.4,67680,5.2
0500000US18111,"Newton County, Indiana",8252,10.8,410,986,4506,2119,756,953,237,4.1,9.9,45.2,21.3,7.6,9.6,2.4,57866,7.3
0500000US18113,"Noble County, Indiana",28013,7.4,2777,2376,12740,6382,2716,3485,1434,8.7,7.4,39.9,20.0,8.5,10.9,4.5,58947,4.0
0500000US18115,"Ohio County, Indiana",3480,8.5,149,387,1829,1059,341,412,222,3.4,8.8,41.6,24.1,7.8,9.4,5.0,63649,1.9
0500000US18117,"Orange County, Indiana",11164,12.7,704,1544,6003,2522,1111,1154,611,5.2,11.3,44.0,18.5,8.1,8.5,4.5,52164,2.8
0500000US18119,"Owen County, Indiana",12395,13.4,657,1546,6404,3209,1014,1472,733,4.4,10.3,42.6,21.3,6.7,9.8,4.9,52204,4.9
0500000US18121,"Parke County, Indiana",8577,13.1,803,1127,4620,2597,1273,884,600,6.7,9.5,38.8,21.8,10.7,7.4,5.0,55853,4.6
0500000US18123,"Perry County, Indiana",10031,12.1,327,971,6276,2603,1272,1418,761,2.4,7.1,46.1,19.1,9.3,10.4,5.6,51496,3.4
0500000US18125,"Pike County, Indiana",7108,10.2,295,777,3914,1574,822,905,446,3.4,8.9,44.8,18.0,9.4,10.4,5.1,55022,3.1
0500000US18127,"Porter County, Indiana",101781,9.8,2527,5075,40127,25246,10478,20970,12531,2.2,4.3,34.3,21.6,9.0,17.9,10.7,72255,4.5
0500000US18129,"Posey County, Indiana",15014,9.0,329,1011,6584,3961,1975,2694,1449,1.8,5.6,36.6,22.0,11.0,15.0,8.0,64983,3.6
0500000US18131,"Pulaski County, Indiana",7234,11.6,248,792,3815,1991,722,758,361,2.9,9.1,43.9,22.9,8.3,8.7,4.2,49140,5.8
0500000US18133,"Putnam County, Indiana",19169,9.2,965,1806,10448,5443,2127,2705,1516,3.9,7.2,41.8,21.8,8.5,10.8,6.1,61505,2.3
0500000US18135,"Randolph County, Indiana",13974,11.0,423,1519,7226,3990,1220,1694,1123,2.5,8.8,42.0,23.2,7.1,9.9,6.5,53322,4.8
0500000US18137,"Ripley County, Indiana",16467,10.1,515,1376,8110,3597,1943,2209,1576,2.7,7.1,42.0,18.6,10.1,11.4,8.2,60055,4.4
0500000US18139,"Rush County, Indiana",9861,12.5,415,959,5369,2227,872,1229,538,3.6,8.3,46.2,19.2,7.5,10.6,4.6,56814,5.4
0500000US18141,"St. Joseph County, Indiana",153928,13.8,4841,13205,53055,35517,15591,32679,22184,2.7,7.5,30.0,20.1,8.8,18.5,12.5,54433,4.9
0500000US18143,"Scott County, Indiana",14257,14.9,1000,2176,6955,3082,1112,1300,876,6.1,13.2,42.1,18.7,6.7,7.9,5.3,45123,4.4
0500000US18145,"Shelby County, Indiana",26303,10.1,992,2632,13475,5595,2424,4064,1820,3.2,8.5,43.5,18.0,7.8,13.1,5.9,59712,3.6
0500000US18147,"Spencer County, Indiana",11833,6.9,244,1037,6181,2686,1799,1617,890,1.7,7.2,42.8,18.6,12.4,11.2,6.2,56919,4.0
0500000US18149,"Starke County, Indiana",13358,16.1,786,1600,6910,3449,1264,1274,558,5.0,10.1,43.6,21.8,8.0,8.0,3.5,49705,5.6
0500000US18151,"Steuben County, Indiana",19393,9.0,495,1573,9415,4669,2427,3304,2077,2.1,6.6,39.3,19.5,10.1,13.8,8.7,58905,5.8
0500000US18153,"Sullivan County, Indiana",11111,12.8,606,1149,6471,3073,1762,1197,698,4.1,7.7,43.3,20.5,11.8,8.0,4.7,49449,4.2
0500000US18155,"Switzerland County, Indiana",6022,21.4,315,859,3789,1241,429,446,241,4.3,11.7,51.8,17.0,5.9,6.1,3.3,51270,5.5
0500000US18157,"Tippecanoe County, Indiana",116162,22.1,2924,5544,29223,19226,7805,23755,18912,2.7,5.2,27.2,17.9,7.3,22.1,17.6,51926,4.0
0500000US18159,"Tipton County, Indiana",8809,8.1,229,767,4331,1760,953,1919,894,2.1,7.1,39.9,16.2,8.8,17.7,8.2,68707,3.4
0500000US18161,"Union County, Indiana",4221,6.3,123,502,2077,1003,418,653,325,2.4,9.8,40.7,19.7,8.2,12.8,6.4,55278,2.9
0500000US18163,"Vanderburgh County, Indiana",107111,15.2,2882,9229,39263,26141,13520,21681,11832,2.3,7.4,31.5,21.0,10.9,17.4,9.5,51179,5.0
0500000US18165,"Vermillion County, Indiana",9012,14.4,216,691,4643,2357,1295,1183,530,2.0,6.3,42.5,21.6,11.9,10.8,4.9,54361,8.0
0500000US18167,"Vigo County, Indiana",61067,19.8,1685,5511,22573,16210,6128,10134,7134,2.4,7.9,32.5,23.4,8.8,14.6,10.3,47261,5.9
0500000US18169,"Wabash County, Indiana",17174,11.3,569,1638,9213,4159,1820,2522,1535,2.7,7.6,42.9,19.4,8.5,11.8,7.2,56573,4.3
0500000US18171,"Warren County, Indiana",4710,10.0,98,306,2426,1238,748,787,306,1.7,5.2,41.1,21.0,12.7,13.3,5.2,65614,3.2
0500000US18173,"Warrick County, Indiana",36650,6.0,628,1907,12330,8885,5207,9089,5159,1.5,4.4,28.5,20.6,12.1,21.0,11.9,79079,3.5
0500000US18175,"Washington County, Indiana",16688,13.7,912,1968,8282,3972,1911,1771,635,4.7,10.1,42.6,20.4,9.8,9.1,3.3,50459,4.2
0500000US18177,"Wayne County, Indiana",37221,16.3,1972,3574,16554,9971,4360,5462,3541,4.3,7.9,36.4,21.9,9.6,12.0,7.8,47756,4.5
0500000US18179,"Wells County, Indiana",15838,7.6,331,1144,7671,3919,2397,2570,990,1.7,6.0,40.3,20.6,12.6,13.5,5.2,57565,2.6
0500000US18181,"White County, Indiana",13633,9.2,592,1208,6736,3758,1638,1909,877,3.5,7.2,40.3,22.5,9.8,11.4,5.2,53865,4.5
0500000US18183,"Whitley County, Indiana",19841,7.6,619,1399,8604,4874,2808,3817,1473,2.6,5.9,36.5,20.7,11.9,16.2,6.2,64992,4.4
0500000US26001,"Alcona County, Michigan",5275,20.0,197,648,3346,2028,781,1018,562,2.3,7.6,39.0,23.6,9.1,11.9,6.6,43341,6.1
0500000US26003,"Alger County, Michigan",4506,11.7,223,326,3329,1309,469,941,411,3.2,4.7,47.5,18.7,6.7,13.4,5.9,45184,4.7
0500000US26005,"Allegan County, Michigan",69077,7.9,2414,4580,29398,17720,6844,12465,6317,3.0,5.7,36.9,22.2,8.6,15.6,7.9,65071,3.4
0500000US26007,"Alpena County, Michigan",16331,16.6,397,1109,7387,5580,2880,2448,1349,1.9,5.2,34.9,26.4,13.6,11.6,6.4,42603,7.5
0500000US26009,"Antrim County, Michigan",12692,10.4,352,873,5420,3947,1772,3291,1900,2.0,5.0,30.9,22.5,10.1,18.7,10.8,57256,4.2
0500000US26011,"Arenac County, Michigan",8497,15.9,289,956,4552,2771,1326,969,497,2.5,8.4,40.1,24.4,11.7,8.5,4.4,45679,6.8
0500000US26013,"Baraga County, Michigan",3957,15.0,168,461,2521,1486,625,582,358,2.7,7.4,40.7,24.0,10.1,9.4,5.8,46581,4.1
0500000US26015,"Barry County, Michigan",35944,8.4,629,2217,15984,10095,4062,6828,3030,1.5,5.2,37.3,23.6,9.5,15.9,7.1,65557,5.3
0500000US26017,"Bay County, Michigan",61440,15.6,1919,5160,25774,18956,8314,9978,4744,2.6,6.9,34.4,25.3,11.1,13.3,6.3,48290,5.9
0500000US26019,"Benzie County, Michigan",9774,10.0,332,489,3913,2843,1458,2791,1554,2.5,3.7,29.2,21.2,10.9,20.9,11.6,64257,4.9
0500000US26021,"Berrien County, Michigan",87911,15.2,2967,7307,30731,26298,10810,17936,11771,2.8,6.8,28.5,24.4,10.0,16.6,10.9,52500,6.2
0500000US26023,"Branch County, Michigan",23848,14.8,1425,1820,12408,7406,2520,3181,1333,4.7,6.0,41.2,24.6,8.4,10.6,4.4,52782,5.2
0500000US26025,"Calhoun County, Michigan",77525,15.1,2515,5905,32646,22202,8426,12613,6973,2.8,6.5,35.8,24.3,9.2,13.8,7.6,50219,6.4
0500000US26027,"Cass County, Michigan",29992,12.1,936,3408,12072,8851,4094,5078,2587,2.5,9.2,32.6,23.9,11.1,13.7,7.0,57514,5.8
0500000US26029,"Charlevoix County, Michigan",14834,9.3,203,990,5443,4538,1935,3738,2536,1.0,5.1,28.1,23.4,10.0,19.3,13.1,60433,4.8
0500000US26031,"Cheboygan County, Michigan",14098,13.3,389,1546,6990,4648,1725,2596,1675,2.0,7.9,35.7,23.8,8.8,13.3,8.6,49624,7.4
0500000US26033,"Chippewa County, Michigan",20634,15.2,488,1564,8677,7206,2294,3934,1979,1.9,6.0,33.2,27.6,8.8,15.0,7.6,50454,9.0
0500000US26035,"Clare County, Michigan",17110,23.6,1115,2149,8607,5920,2003,1669,1063,4.9,9.5,38.2,26.3,8.9,7.4,4.7,41163,10.0
0500000US26037,"Clinton County, Michigan",47689,8.8,846,1788,14609,13102,6671,11057,6441,1.6,3.3,26.8,24.0,12.2,20.3,11.8,72490,3.4
0500000US26039,"Crawford County, Michigan",7755,15.8,153,836,3367,2957,1182,1194,816,1.5,8.0,32.1,28.1,11.3,11.4,7.8,49987,7.4
0500000US26041,"Delta County, Michigan",20031,13.1,487,1485,9211,6329,3813,3513,1566,1.8,5.6,34.9,24.0,14.4,13.3,5.9,47008,5.1
0500000US26043,"Dickinson County, Michigan",14424,10.8,136,847,6198,4452,2470,3032,1523,0.7,4.5,33.2,23.9,13.2,16.3,8.2,51704,3.8
0500000US26045,"Eaton County, Michigan",65459,8.5,1471,2722,20684,21286,8608,14930,7617,1.9,3.5,26.8,27.5,11.1,19.3,9.9,67440,4.6
0500000US26047,"Emmet County, Michigan",19207,8.9,298,955,6098,5764,2689,4975,3441,1.2,3.9,25.2,23.8,11.1,20.5,14.2,55947,4.0
0500000US26049,"Genesee County, Michigan",241803,17.3,6282,19185,89294,74898,30208,38016,22148,2.2,6.9,31.9,26.7,10.8,13.6,7.9,50269,8.9
0500000US26051,"Gladwin County, Michigan",13653,16.6,851,1471,7425,4627,1824,1686,1017,4.5,7.8,39.3,24.5,9.7,8.9,5.4,45957,6.2
0500000US26053,"Gogebic County, Michigan",7759,16.4,128,533,3938,2801,1687,1494,756,1.1,4.7,34.7,24.7,14.9,13.2,6.7,38625,4.5
0500000US26055,"Grand Traverse County, Michigan",54865,9.6,868,2244,15022,16368,6762,15858,9882,1.3,3.3,22.4,24.4,10.1,23.7,14.7,66457,3.8
0500000US26057,"Gratiot County, Michigan",20598,16.2,674,1568,11384,7308,2633,3209,1455,2.4,5.6,40.3,25.9,9.3,11.4,5.2,49795,4.8
0500000US26059,"Hillsdale County, Michigan",25630,15.0,1132,2045,12268,7337,2659,3522,2420,3.6,6.5,39.1,23.4,8.5,11.2,7.7,51535,4.1
0500000US26061,"Houghton County, Michigan",20107,24.6,421,1093,6460,4135,1909,3991,3107,2.0,5.2,30.6,19.6,9.0,18.9,14.7,44839,5.9
0500000US26063,"Huron County, Michigan",17215,12.1,687,1547,9652,4863,2594,2425,1258,3.0,6.7,41.9,21.1,11.3,10.5,5.5,49541,5.1
0500000US26065,"Ingham County, Michigan",178044,20.0,4093,7582,39088,41625,15656,37274,32491,2.3,4.3,22.0,23.4,8.8,21.0,18.3,55253,6.8
0500000US26067,"Ionia County, Michigan",37365,9.8,1127,2657,17056,11040,4522,5376,2092,2.6,6.1,38.9,25.2,10.3,12.3,4.8,60139,5.1
0500000US26069,"Iosco County, Michigan",13480,15.4,339,1882,7223,5049,2085,1879,1148,1.7,9.6,36.8,25.8,10.6,9.6,5.9,42628,7.4
0500000US26071,"Iron County, Michigan",5876,14.5,116,567,3692,1752,870,1033,601,1.3,6.6,42.8,20.3,10.1,12.0,7.0,44183,5.2
0500000US26073,"Isabella County, Michigan",43432,28.9,1018,1928,12624,8634,3338,6306,5245,2.6,4.9,32.3,22.1,8.5,16.1,13.4,46783,7.3
0500000US26075,"Jackson County, Michigan",87969,12.4,2040,7089,36544,28055,11813,16613,8257,1.8,6.4,33.1,25.4,10.7,15.0,7.5,54511,6.3
0500000US26077,"Kalamazoo County, Michigan",161489,16.3,2526,7345,37924,37175,15248,40035,26112,1.5,4.4,22.8,22.3,9.2,24.1,15.7,58836,6.2
0500000US26079,"Kalkaska County, Michigan",10378,17.3,370,1174,5158,3255,1043,1131,713,2.9,9.1,40.2,25.3,8.1,8.8,5.6,49402,5.9
0500000US26081,"Kent County, Michigan",400348,10.6,15793,21458,104971,91396,40103,103846,55822,3.6,5.0,24.2,21.1,9.3,24.0,12.9,65722,4.6
0500000US26083,"Keweenaw County, Michigan",1038,11.4,29,21,528,338,175,347,272,1.7,1.2,30.9,19.8,10.2,20.3,15.9,51750,5.6
0500000US26085,"Lake County, Michigan",6224,21.6,316,1245,3474,2198,688,878,361,3.4,13.6,37.9,24.0,7.5,9.6,3.9,38356,5.8
0500000US26087,"Lapeer County, Michigan",52738,9.8,1382,4116,22724,16421,6627,7755,3734,2.2,6.6,36.2,26.2,10.6,12.4,5.9,65197,5.9
0500000US26089,"Leelanau County, Michigan",11369,6.7,231,459,3473,3269,1539,4507,3351,1.4,2.7,20.6,19.4,9.1,26.8,19.9,67330,4.1
0500000US26091,"Lenawee County, Michigan",55133,11.4,1537,4606,25467,16117,6338,9123,5300,2.2,6.7,37.2,23.5,9.3,13.3,7.7,57314,4.8
0500000US26093,"Livingston County, Michigan",116901,5.2,1261,4736,35200,30755,13601,33271,15927,0.9,3.5,26.1,22.8,10.1,24.7,11.8,84274,3.8
0500000US26095,"Luce County, Michigan",2992,15.2,101,391,1710,1233,452,558,388,2.1,8.1,35.4,25.5,9.4,11.5,8.0,50000,6.6
0500000US26097,"Mackinac County, Michigan",6032,17.6,289,503,2888,2062,668,1185,834,3.4,6.0,34.3,24.5,7.9,14.1,9.9,50058,9.2
0500000US26099,"Macomb County, Michigan",536405,9.0,21426,37232,181952,149751,66365,103772,56063,3.5,6.0,29.5,24.3,10.8,16.8,9.1,64641,5.6
0500000US26101,"Manistee County, Michigan",12951,11.2,375,1382,6228,4571,1859,2894,1240,2.0,7.5,33.6,24.6,10.0,15.6,6.7,51658,7.3
0500000US26103,"Marquette County, Michigan",39160,17.5,522,1461,13079,10094,4248,10663,4451,1.2,3.3,29.4,22.7,9.5,24.0,10.0,54585,5.8
0500000US26105,"Mason County, Michigan",16218,12.8,525,1294,7505,4586,2636,2842,1833,2.5,6.1,35.4,21.6,12.4,13.4,8.6,51568,4.5
0500000US26107,"Mecosta County, Michigan",24751,22.8,716,1628,10039,6165,2644,3830,2472,2.6,5.9,36.5,22.4,9.6,13.9,9.0,45797,6.2
0500000US26109,"Menominee County, Michigan",13063,11.7,351,745,7249,3742,2001,2061,950,2.1,4.4,42.4,21.9,11.7,12.1,5.6,48548,5.4
0500000US26111,"Midland County, Michigan",49446,10.7,908,2384,17080,11586,6358,11944,8466,1.5,4.1,29.1,19.7,10.8,20.3,14.4,64078,4.5
0500000US26113,"Missaukee County, Michigan",8494,12.5,262,727,4328,2288,1269,1162,500,2.5,6.9,41.1,21.7,12.0,11.0,4.7,47370,7.9
0500000US26115,"Monroe County, Michigan",90482,11.0,2085,7019,36223,25697,12778,14465,7876,2.0,6.6,34.1,24.2,12.0,13.6,7.4,65453,5.0
0500000US26117,"Montcalm County, Michigan",36140,12.5,1191,3549,17676,11345,4241,4537,1915,2.7,8.0,39.8,25.5,9.5,10.2,4.3,52390,4.0
0500000US26119,"Montmorency County, Michigan",4950,18.1,160,690,3065,1599,799,701,392,2.2,9.3,41.4,21.6,10.8,9.5,5.3,42160,7.2
0500000US26121,"Muskegon County, Michigan",99426,13.2,3113,7196,40041,30754,14587,16386,7146,2.6,6.0,33.6,25.8,12.2,13.7,6.0,53478,7.2
0500000US26123,"Newaygo County, Michigan",28069,15.0,1126,2492,14098,7210,3311,4035,1824,3.3,7.3,41.3,21.1,9.7,11.8,5.3,51470,5.2
0500000US26125,"Oakland County, Michigan",776132,7.5,17063,33237,163572,176396,73102,242679,184407,1.9,3.7,18.4,19.8,8.2,27.3,20.7,81587,4.7
0500000US26127,"Oceana County, Michigan",14969,14.1,809,1403,6793,4003,1776,2387,1228,4.4,7.6,36.9,21.8,9.7,13.0,6.7,51161,6.0
0500000US26129,"Ogemaw County, Michigan",11578,17.1,404,1695,5800,4074,1825,1295,641,2.6,10.8,36.9,25.9,11.6,8.2,4.1,41752,8.0
0500000US26131,"Ontonagon County, Michigan",3006,18.7,74,280,2121,1083,515,500,233,1.5,5.8,44.1,22.5,10.7,10.4,4.8,41776,5.9
0500000US26133,"Osceola County, Michigan",13138,16.4,630,1193,6907,3737,1503,1666,801,3.8,7.3,42.0,22.7,9.1,10.1,4.9,46969,7.6
0500000US26135,"Oscoda County, Michigan",4367,14.2,444,663,2235,1662,430,470,272,7.2,10.7,36.2,26.9,7.0,7.6,4.4,43457,9.3
0500000US26137,"Otsego County, Michigan",14021,11.7,322,867,5631,4363,1919,2973,1529,1.8,4.9,32.0,24.8,10.9,16.9,8.7,55917,5.7
0500000US26139,"Ottawa County, Michigan",168831,8.9,4481,7503,49246,38691,17801,42239,21366,2.5,4.1,27.2,21.3,9.8,23.3,11.8,72418,4.0
0500000US26141,"Presque Isle County, Michigan",6641,15.3,330,654,3634,2366,1110,1203,670,3.3,6.6,36.5,23.7,11.1,12.1,6.7,48734,6.4
0500000US26143,"Roscommon County, Michigan",12471,18.3,379,1529,6972,5010,2082,1660,1442,2.0,8.0,36.6,26.3,10.9,8.7,7.6,41828,8.4
0500000US26145,"Saginaw County, Michigan",109379,17.7,3391,9464,43206,32500,14307,19176,9959,2.6,7.2,32.7,24.6,10.8,14.5,7.5,49565,6.5
0500000US26147,"St. Clair County, Michigan",95638,12.0,1862,7889,38047,29890,14019,13453,8197,1.6,7.0,33.6,26.4,12.4,11.9,7.2,58722,6.6
0500000US26149,"St. Joseph County, Michigan",34876,13.2,2604,2908,14799,9631,4419,4139,2424,6.4,7.1,36.2,23.5,10.8,10.1,5.9,53253,4.2
0500000US26151,"Sanilac County, Michigan",23348,14.0,1135,1940,12258,6764,2912,2740,1608,3.9,6.6,41.8,23.0,9.9,9.3,5.5,49852,6.1
0500000US26153,"Schoolcraft County, Michigan",4441,16.5,192,446,2582,1159,650,808,367,3.1,7.2,41.6,18.7,10.5,13.0,5.9,48443,7.4
0500000US26155,"Shiawassee County, Michigan",41001,11.0,868,2746,17333,13194,5464,5776,2782,1.8,5.7,36.0,27.4,11.3,12.0,5.8,56436,4.0
0500000US26157,"Tuscola County, Michigan",31039,13.4,925,2835,16372,8712,4034,3488,1628,2.4,7.5,43.1,22.9,10.6,9.2,4.3,51891,6.6
0500000US26159,"Van Buren County, Michigan",44030,13.4,2271,4261,16620,12816,5150,6957,3871,4.4,8.2,32.0,24.7,9.9,13.4,7.5,56652,5.2
0500000US26161,"Washtenaw County, Michigan",230401,16.3,3028,6944,33997,40431,15759,61734,69539,1.3,3.0,14.7,17.5,6.8,26.7,30.0,75730,4.5
0500000US26163,"Wayne County, Michigan",1058990,19.3,48285,103900,346244,285535,101942,181260,117752,4.1,8.8,29.2,24.1,8.6,15.3,9.9,49359,8.9
0500000US26165,"Wexford County, Michigan",19215,13.5,631,1723,8170,5839,2299,3147,1436,2.7,7.4,35.1,25.1,9.9,13.5,6.2,50335,6.1
0500000US39001,"Adams County, Ohio",16016,18.9,1190,2120,8305,2993,1413,1604,1340,6.3,11.2,43.8,15.8,7.5,8.5,7.1,40067,6.6
0500000US39003,"Allen County, Ohio",57989,12.1,1566,4956,27119,14575,8047,7971,4931,2.3,7.2,39.2,21.1,11.6,11.5,7.1,51892,5.6
0500000US39005,"Ashland County, Ohio",30015,12.0,1106,2426,15209,6515,2582,5135,2711,3.1,6.8,42.6,18.3,7.2,14.4,7.6,55422,3.8
0500000US39007,"Ashtabula County, Ohio",55304,18.5,3183,6307,29314,13932,5501,7009,3212,4.6,9.2,42.8,20.4,8.0,10.2,4.7,47925,7.2
0500000US39009,"Athens County, Ohio",38732,33.1,811,2777,12057,6559,3199,5416,6432,2.2,7.5,32.4,17.6,8.6,14.5,17.3,42414,5.8
0500000US39011,"Auglaize County, Ohio",26166,7.5,472,1658,13413,5932,3652,3558,2403,1.5,5.3,43.1,19.1,11.7,11.4,7.7,66193,3.3
0500000US39013,"Belmont County, Ohio",37898,11.4,1062,3415,21858,9248,6203,5197,2856,2.1,6.9,43.9,18.6,12.4,10.4,5.7,51574,5.6
0500000US39015,"Brown County, Ohio",25437,16.3,910,2802,13713,5972,2691,2767,1590,3.0,9.2,45.0,19.6,8.8,9.1,5.2,57200,4.4
0500000US39017,"Butler County, Ohio",227168,11.6,5624,15049,80601,48091,19305,50092,26607,2.3,6.1,32.8,19.6,7.9,20.4,10.8,69023,4.9
0500000US39019,"Carroll County, Ohio",15743,12.9,865,1309,9564,3210,2090,1623,971,4.4,6.7,48.7,16.4,10.6,8.3,4.9,52574,3.7
0500000US39021,"Champaign County, Ohio",22467,9.6,644,1733,12364,5432,2486,2783,1499,2.4,6.4,45.9,20.2,9.2,10.3,5.6,59909,5.8
0500000US39023,"Clark County, Ohio",76392,14.9,2217,7973,35032,20811,8606,10756,6667,2.4,8.7,38.1,22.6,9.3,11.7,7.2,51504,6.8
0500000US39025,"Clermont County, Ohio",124123,8.9,3972,10610,45549,27706,13407,26016,15076,2.8,7.5,32.0,19.5,9.4,18.3,10.6,69720,4.2
0500000US39027,"Clinton County, Ohio",24117,12.2,766,2044,10969,6114,2798,3565,2120,2.7,7.2,38.7,21.5,9.9,12.6,7.5,54683,5.6
0500000US39029,"Columbiana County, Ohio",58185,13.2,2060,5886,33081,14605,7533,7041,3702,2.8,8.0,44.8,19.8,10.2,9.5,5.0,49407,6.0
0500000US39031,"Coshocton County, Ohio",20797,16.2,1646,2016,11139,4368,2456,2483,1299,6.5,7.9,43.8,17.2,9.7,9.8,5.1,48552,6.1
0500000US39033,"Crawford County, Ohio",23736,13.0,831,1975,13571,5277,3222,2926,1578,2.8,6.7,46.2,18.0,11.0,10.0,5.4,46391,5.5
0500000US39035,"Cuyahoga County, Ohio",744365,16.2,24194,58894,242407,187920,68845,170408,122294,2.8,6.7,27.7,21.5,7.9,19.5,14.0,51741,7.4
0500000US39037,"Darke County, Ohio",29019,9.9,666,2724,16453,7044,2889,3483,1941,1.9,7.7,46.7,20.0,8.2,9.9,5.5,54799,2.7
0500000US39039,"Defiance County, Ohio",21881,9.9,660,1419,10753,5488,2816,3063,1718,2.5,5.5,41.5,21.2,10.9,11.8,6.6,62110,4.4
0500000US39041,"Delaware County, Ohio",121298,4.6,1269,3025,23671,22975,9061,45688,29231,0.9,2.2,17.5,17.0,6.7,33.9,21.7,111411,2.5
0500000US39043,"Erie County, Ohio",42809,12.3,906,3249,18825,11687,5492,8482,4833,1.7,6.1,35.2,21.9,10.3,15.9,9.0,58408,5.7
0500000US39045,"Fairfield County, Ohio",92260,8.6,1883,5233,34898,23565,9639,19871,10835,1.8,4.9,32.9,22.2,9.1,18.8,10.2,70906,3.9
0500000US39047,"Fayette County, Ohio",16799,15.9,709,2450,8845,3284,1324,1990,998,3.6,12.5,45.1,16.8,6.8,10.2,5.1,48637,4.9
0500000US39049,"Franklin County, Ohio",822201,13.9,26680,50785,213557,168547,61272,220763,131752,3.1,5.8,24.5,19.3,7.0,25.3,15.1,62352,4.8
0500000US39051,"Fulton County, Ohio",24606,8.1,431,1682,12283,6136,3404,3264,1655,1.5,5.8,42.6,21.3,11.8,11.3,5.7,61290,4.4
0500000US39053,"Gallia County, Ohio",16998,17.4,864,2003,8559,3547,2041,2029,1553,4.2,9.7,41.6,17.2,9.9,9.9,7.5,48975,4.5
0500000US39055,"Geauga County, Ohio",53039,6.1,3991,2228,16614,12479,4813,15677,8682,6.2,3.5,25.8,19.4,7.5,24.3,13.5,83730,2.8
0500000US39057,"Greene County, Ohio",96997,11.4,1961,4835,26625,24175,10820,23427,21524,1.7,4.3,23.5,21.3,9.5,20.7,19.0,70055,5.1
0500000US39059,"Guernsey County, Ohio",22697,17.8,1103,3045,11361,5003,2681,2622,1496,4.0,11.1,41.6,18.3,9.8,9.6,5.5,46352,5.0
0500000US39061,"Hamilton County, Ohio",492947,13.7,13019,32386,142189,103771,46022,129331,85317,2.4,5.9,25.8,18.8,8.3,23.4,15.5,59190,5.4
0500000US39063,"Hancock County, Ohio",44595,10.8,739,2875,18775,10678,4688,8962,5414,1.4,5.5,36.0,20.5,9.0,17.2,10.4,57384,3.7
0500000US39065,"Hardin County, Ohio",17265,14.3,688,1212,9462,3418,1428,1912,1177,3.6,6.3,49.0,17.7,7.4,9.9,6.1,50214,5.1
0500000US39067,"Harrison County, Ohio",8642,16.3,423,918,5382,1617,1246,844,509,3.9,8.4,49.2,14.8,11.4,7.7,4.7,49454,5.9
0500000US39069,"Henry County, Ohio",15679,7.4,357,859,8219,3688,2302,2185,1116,1.9,4.6,43.9,19.7,12.3,11.7,6.0,60425,4.5
0500000US39071,"Highland County, Ohio",24749,17.5,1482,3153,12866,4806,3098,2275,1791,5.0,10.7,43.7,16.3,10.5,7.7,6.1,47973,4.8
0500000US39073,"Hocking County, Ohio",16573,14.5,630,1712,8767,3903,2228,1872,901,3.1,8.6,43.8,19.5,11.1,9.4,4.5,54774,3.8
0500000US39075,"Holmes County, Ohio",23895,7.4,9358,2019,8379,2551,942,1824,868,36.1,7.8,32.3,9.8,3.6,7.0,3.3,64453,2.3
0500000US39077,"Huron County, Ohio",34085,11.7,1301,2988,17997,7853,3694,3908,1943,3.3,7.5,45.4,19.8,9.3,9.8,4.9,55041,4.7
0500000US39079,"Jackson County, Ohio",19100,15.8,1257,1772,10081,3553,2322,2271,1035,5.6,7.9,45.2,15.9,10.4,10.2,4.6,48915,6.9
0500000US39081,"Jefferson County, Ohio",37541,17.4,1020,3006,20711,8398,5715,5309,2931,2.2,6.4,44.0,17.8,12.1,11.3,6.2,46849,5.6
0500000US39083,"Knox County, Ohio",33654,10.9,1602,1767,15790,8922,3365,6127,3045,3.9,4.4,38.9,22.0,8.3,15.1,7.5,61590,4.2
0500000US39085,"Lake County, Ohio",136614,7.8,3497,8827,52110,37984,16479,29620,17347,2.1,5.3,31.4,22.9,9.9,17.9,10.5,65814,4.8
0500000US39087,"Lawrence County, Ohio",35387,19.2,1216,3971,18628,7862,3833,4495,2183,2.9,9.4,44.2,18.6,9.1,10.7,5.2,46584,5.0
0500000US39089,"Licking County, Ohio",102947,9.0,1954,7023,40570,24804,11830,22107,10680,1.6,5.9,34.1,20.8,9.9,18.6,9.0,67736,3.7
0500000US39091,"Logan County, Ohio",26597,10.0,497,1839,14226,6316,3076,3567,1772,1.6,5.9,45.5,20.2,9.8,11.4,5.7,60417,4.5
0500000US39093,"Lorain County, Ohio",177569,12.6,4539,17014,65930,49099,23695,34348,19995,2.1,7.9,30.7,22.9,11.0,16.0,9.3,58798,4.9
0500000US39095,"Lucas County, Ohio",255958,17.7,7367,22879,86344,67751,30543,48782,29377,2.5,7.8,29.5,23.1,10.4,16.6,10.0,49946,7.2
0500000US39097,"Madison County, Ohio",23483,8.9,836,3173,13019,6644,2386,3920,1844,2.6,10.0,40.9,20.9,7.5,12.3,5.8,68663,3.8
0500000US39099,"Mahoning County, Ohio",131158,17.4,4196,10318,60845,35208,12712,26348,13937,2.6,6.3,37.2,21.5,7.8,16.1,8.5,47092,7.9
0500000US39101,"Marion County, Ohio",35145,13.0,1181,3499,20686,11374,3494,3889,2088,2.6,7.6,44.8,24.6,7.6,8.4,4.5,49225,6.1
0500000US39103,"Medina County, Ohio",106771,5.4,1820,4859,38556,25779,12101,28100,14507,1.4,3.9,30.7,20.5,9.6,22.4,11.5,77784,2.9
0500000US39105,"Meigs County, Ohio",13272,21.2,635,1981,7226,2717,1775,1215,763,3.9,12.1,44.3,16.7,10.9,7.4,4.7,43445,8.3
0500000US39107,"Mercer County, Ohio",23112,4.7,354,1757,11873,4654,3248,3413,1843,1.3,6.5,43.7,17.1,12.0,12.6,6.8,65566,2.5
0500000US39109,"Miami County, Ohio",61433,8.6,1402,4597,27725,16162,7203,10465,6228,1.9,6.2,37.6,21.9,9.8,14.2,8.4,62347,4.2
0500000US39111,"Monroe County, Ohio",7663,15.0,228,763,5091,1663,1113,721,493,2.3,7.6,50.5,16.5,11.1,7.2,4.9,46241,4.7
0500000US39113,"Montgomery County, Ohio",306831,15.4,8786,25810,101507,88520,37230,63481,40002,2.4,7.1,27.8,24.2,10.2,17.4,10.9,53064,6.3
0500000US39115,"Morgan County, Ohio",8339,16.7,307,1172,4730,1930,1247,724,371,2.9,11.2,45.1,18.4,11.9,6.9,3.5,43791,4.0
0500000US39117,"Morrow County, Ohio",20971,9.2,865,2002,10926,5156,1970,2507,1104,3.5,8.2,44.5,21.0,8.0,10.2,4.5,61769,2.7
0500000US39119,"Muskingum County, Ohio",49977,15.3,1857,4792,24912,10870,6164,6334,3953,3.2,8.1,42.3,18.5,10.5,10.8,6.7,48350,5.3
0500000US39121,"Noble County, Ohio",5630,15.1,433,1394,5256,1761,940,828,386,3.9,12.7,47.8,16.0,8.5,7.5,3.5,50070,4.8
0500000US39123,"Ottawa County, Ohio",22636,8.8,677,1757,11043,6897,2841,4942,2356,2.2,5.8,36.2,22.6,9.3,16.2,7.7,59306,3.7
0500000US39125,"Paulding County, Ohio",10792,10.6,227,1085,5847,2591,1161,1515,549,1.7,8.4,45.1,20.0,8.9,11.7,4.2,56531,4.5
0500000US39127,"Perry County, Ohio",21457,15.3,411,2700,11746,4507,2208,2135,1100,1.7,10.9,47.3,18.2,8.9,8.6,4.4,52978,6.1
0500000US39129,"Pickaway County, Ohio",32654,12.4,902,4374,16975,7729,3021,4935,2620,2.2,10.8,41.9,19.1,7.4,12.2,6.5,61629,4.4
0500000US39131,"Pike County, Ohio",16364,17.8,998,2115,8480,3573,1383,1674,1067,5.2,11.0,44.0,18.5,7.2,8.7,5.5,44115,5.0
0500000US39133,"Portage County, Ohio",98928,12.1,1757,6167,39223,18650,8580,18994,12686,1.7,5.8,37.0,17.6,8.1,17.9,12.0,59485,5.8
0500000US39135,"Preble County, Ohio",23878,8.9,529,2205,12443,5930,2464,3330,1927,1.8,7.6,43.2,20.6,8.5,11.6,6.7,61339,3.2
0500000US39137,"Putnam County, Ohio",19264,6.2,388,981,9195,3669,3136,3473,1779,1.7,4.3,40.6,16.2,13.9,15.4,7.9,67790,3.2
0500000US39139,"Richland County, Ohio",65497,13.5,2992,7291,34269,17391,7685,9954,5104,3.5,8.6,40.5,20.5,9.1,11.8,6.0,49186,5.7
0500000US39141,"Ross County, Ohio",42615,16.1,1375,4690,24215,10981,4436,5550,3259,2.5,8.6,44.4,20.1,8.1,10.2,6.0,51508,6.0
0500000US39143,"Sandusky County, Ohio",34226,11.5,819,2680,17502,8838,4482,4442,2317,2.0,6.5,42.6,21.5,10.9,10.8,5.6,55245,4.5
0500000US39145,"Scioto County, Ohio",42736,23.0,1962,5597,22358,10286,4264,4769,3450,3.7,10.6,42.4,19.5,8.1,9.1,6.5,41866,6.9
0500000US39147,"Seneca County, Ohio",30995,12.0,631,2325,16719,7356,3790,4233,2234,1.7,6.2,44.8,19.7,10.2,11.4,6.0,52897,4.2
0500000US39149,"Shelby County, Ohio",28285,9.1,856,2532,13393,5896,3578,3994,2272,2.6,7.8,41.2,18.1,11.0,12.3,7.0,64522,5.2
0500000US39151,"Stark County, Ohio",214789,12.7,5498,15083,99003,57392,21986,39560,21552,2.1,5.8,38.1,22.1,8.5,15.2,8.3,55045,5.1
0500000US39153,"Summit County, Ohio",325136,12.4,9201,20927,114225,80445,31745,79633,45330,2.4,5.5,29.9,21.1,8.3,20.9,11.9,59253,5.8
0500000US39155,"Trumbull County, Ohio",113277,16.2,4555,10597,62877,26896,10605,18353,9066,3.2,7.4,44.0,18.8,7.4,12.8,6.3,47799,4.8
0500000US39157,"Tuscarawas County, Ohio",52745,11.4,3463,4740,28820,10861,4461,7522,3863,5.4,7.4,45.2,17.0,7.0,11.8,6.1,54451,5.5
0500000US39159,"Union County, Ohio",33699,4.5,532,1719,12605,7711,2678,9284,4639,1.4,4.4,32.2,19.7,6.8,23.7,11.8,88565,2.8
0500000US39161,"Van Wert County, Ohio",16274,9.6,260,1255,8534,3716,2363,2037,1311,1.3,6.4,43.8,19.1,12.1,10.5,6.7,55991,5.1
0500000US39163,"Vinton County, Ohio",7838,18.7,531,1404,3839,1392,838,866,310,5.8,15.3,41.8,15.2,9.1,9.4,3.4,45034,5.8
0500000US39165,"Warren County, Ohio",135507,4.8,2596,6713,40433,25330,13388,41853,26828,1.7,4.3,25.7,16.1,8.5,26.6,17.1,89410,3.4
0500000US39167,"Washington County, Ohio",34716,13.3,759,3316,17245,8899,4937,4831,3239,1.8,7.7,39.9,20.6,11.4,11.2,7.5,51808,4.6
0500000US39169,"Wayne County, Ohio",64146,9.7,5763,4337,29885,13635,5636,10772,6475,7.5,5.7,39.1,17.8,7.4,14.1,8.5,61424,3.3
0500000US39171,"Williams County, Ohio",20867,10.2,426,1771,10833,5997,2711,2517,1345,1.7,6.9,42.3,23.4,10.6,9.8,5.3,52855,3.8
0500000US39173,"Wood County, Ohio",78839,15.3,1109,3026,24748,16437,8082,16738,11175,1.4,3.7,30.4,20.2,9.9,20.6,13.7,63189,4.9
0500000US39175,"Wyandot County, Ohio",12779,6.9,365,748,6928,2684,1660,1878,1083,2.4,4.9,45.1,17.5,10.8,12.2,7.1,57925,3.3
0500000US42001,"Adams County, Pennsylvania",58120,7.2,2841,4947,28594,13157,6449,9265,7078,3.9,6.8,39.5,18.2,8.9,12.8,9.8,68411,3.9
0500000US42003,"Allegheny County, Pennsylvania",737831,11.1,13807,31901,233079,142035,87227,218237,157201,1.6,3.6,26.4,16.1,9.9,24.7,17.8,62320,4.9
0500000US42005,"Armstrong County, Pennsylvania",38078,10.4,997,2976,23787,6997,4852,5993,2766,2.1,6.2,49.2,14.5,10.0,12.4,5.7,53545,5.5
0500000US42007,"Beaver County, Pennsylvania",96020,9.3,1783,5763,44063,23678,14747,20960,9930,1.5,4.8,36.4,19.6,12.2,17.3,8.2,59014,5.1
0500000US42009,"Bedford County, Pennsylvania",27623,11.0,1113,2883,17468,4967,3203,3317,2281,3.2,8.2,49.6,14.1,9.1,9.4,6.5,51531,4.5
0500000US42011,"Berks County, Pennsylvania",244556,10.5,14716,21772,103554,46215,25149,46858,27090,5.2,7.6,36.3,16.2,8.8,16.4,9.5,66154,5.6
0500000US42013,"Blair County, Pennsylvania",71177,13.5,1991,5301,39096,14241,7950,13365,6281,2.3,6.0,44.3,16.1,9.0,15.1,7.1,50856,4.7
0500000US42015,"Bradford County, Pennsylvania",34122,11.4,1151,3244,20288,6555,3737,5056,2971,2.7,7.5,47.2,15.2,8.7,11.8,6.9,52375,4.7
0500000US42017,"Bucks County, Pennsylvania",378857,5.3,8151,17500,125978,72601,35706,113022,77020,1.8,3.9,28.0,16.1,7.9,25.1,17.1,93181,4.2
0500000US42019,"Butler County, Pennsylvania",111230,8.0,1653,4465,42635,21247,13862,32382,17965,1.2,3.3,31.8,15.8,10.3,24.1,13.4,72642,4.6
0500000US42021,"Cambria County, Pennsylvania",71712,13.8,1933,5614,41875,14188,10108,13387,7371,2.0,5.9,44.3,15.0,10.7,14.2,7.8,47644,5.2
0500000US42023,"Cameron County, Pennsylvania",2538,20.8,54,251,1733,803,280,304,73,1.5,7.2,49.5,23.0,8.0,8.7,2.1,40342,10.2
0500000US42025,"Carbon County, Pennsylvania",38005,10.4,1583,3296,21140,7658,5276,5477,3025,3.3,6.9,44.5,16.1,11.1,11.5,6.4,57601,5.1
0500000US42027,"Centre County, Pennsylvania",97394,22.9,1930,3566,27967,12623,8021,23529,22142,1.9,3.6,28.0,12.7,8.0,23.6,22.2,61921,4.1
0500000US42029,"Chester County, Pennsylvania",308898,6.2,8925,11463,72918,46736,23131,113574,79565,2.5,3.2,20.5,13.1,6.5,31.9,22.3,104161,4.1
0500000US42031,"Clarion County, Pennsylvania",22994,17.0,866,1635,12188,3244,2479,3616,2475,3.3,6.2,46.0,12.2,9.4,13.6,9.3,49695,6.0
0500000US42033,"Clearfield County, Pennsylvania",43924,12.9,2380,4688,28665,7865,5772,6438,3514,4.0,7.9,48.3,13.3,9.7,10.9,5.9,50150,7.4
0500000US42035,"Clinton County, Pennsylvania",22310,15.9,830,1760,12024,3552,2214,3133,1823,3.3,6.9,47.5,14.0,8.7,12.4,7.2,51145,5.8
0500000US42037,"Columbia County, Pennsylvania",37436,15.1,943,3067,18725,6498,3902,6494,4160,2.2,7.0,42.8,14.8,8.9,14.8,9.5,52219,4.5
0500000US42039,"Crawford County, Pennsylvania",46869,12.5,2160,3892,28222,8442,4741,7577,4613,3.6,6.5,47.3,14.2,7.9,12.7,7.7,51919,5.8
0500000US42041,"Cumberland County, Pennsylvania",143093,7.2,4344,8223,55989,28401,13546,40941,25150,2.5,4.7,31.7,16.1,7.7,23.2,14.2,71979,3.5
0500000US42043,"Dauphin County, Pennsylvania",165476,10.6,6509,10816,62464,32073,18399,39594,22558,3.4,5.6,32.5,16.7,9.6,20.6,11.7,63123,4.4
0500000US42045,"Delaware County, Pennsylvania",332104,9.3,8531,17818,113018,64223,29611,87354,64838,2.2,4.6,29.3,16.7,7.7,22.7,16.8,76238,6.2
0500000US42047,"Elk County, Pennsylvania",17504,9.8,464,1084,10802,2948,2597,2871,1375,2.1,4.9,48.8,13.3,11.7,13.0,6.2,54961,6.0
0500000US42049,"Erie County, Pennsylvania",155686,15.3,4966,10990,70762,29027,17847,34469,19337,2.6,5.9,37.8,15.5,9.5,18.4,10.3,52863,5.4
0500000US42051,"Fayette County, Pennsylvania",75038,15.8,2440,8267,46075,13695,8329,11373,5544,2.5,8.6,48.1,14.3,8.7,11.9,5.8,49075,7.3
0500000US42053,"Forest County, Pennsylvania",2114,20.7,206,816,3411,998,247,391,209,3.3,13.0,54.3,15.9,3.9,6.2,3.3,41225,5.4
0500000US42055,"Franklin County, Pennsylvania",89340,8.0,3560,8640,47155,15859,9198,14682,9448,3.3,8.0,43.4,14.6,8.5,13.5,8.7,63420,3.9
0500000US42057,"Fulton County, Pennsylvania",8524,11.0,293,841,5341,1509,993,942,636,2.8,8.0,50.6,14.3,9.4,8.9,6.0,55424,5.2
0500000US42059,"Greene County, Pennsylvania",19274,13.4,854,2380,11768,4135,2315,3065,1559,3.3,9.1,45.1,15.9,8.9,11.8,6.0,55993,4.9
0500000US42061,"Huntingdon County, Pennsylvania",22460,9.8,908,2438,16044,4782,2725,3904,1929,2.8,7.4,49.0,14.6,8.3,11.9,5.9,53597,5.4
0500000US42063,"Indiana County, Pennsylvania",48160,16.1,1770,3367,23106,8375,5142,7881,6039,3.2,6.0,41.5,15.0,9.2,14.2,10.8,49270,7.2
0500000US42065,"Jefferson County, Pennsylvania",24918,12.6,1073,1854,15869,4019,3227,3355,1663,3.5,6.0,51.1,12.9,10.4,10.8,5.4,49604,4.5
0500000US42067,"Juniata County, Pennsylvania",14113,8.0,991,1943,8448,2121,1213,1733,902,5.7,11.2,48.7,12.2,7.0,10.0,5.2,53502,2.8
0500000US42069,"Lackawanna County, Pennsylvania",120491,13.2,4315,8337,54655,24695,14073,26540,16135,2.9,5.6,36.7,16.6,9.5,17.8,10.8,54064,4.2
0500000US42071,"Lancaster County, Pennsylvania",311473,8.5,24899,27795,127761,53386,28295,67413,37349,6.8,7.6,34.8,14.6,7.7,18.4,10.2,69588,3.6
0500000US42073,"Lawrence County, Pennsylvania",48779,12.5,1429,3959,26934,10029,5791,9536,4295,2.3,6.4,43.5,16.2,9.3,15.4,6.9,50080,6.4
0500000US42075,"Lebanon County, Pennsylvania",79347,10.1,3920,7993,42564,14346,7206,13317,7143,4.1,8.3,44.1,14.9,7.5,13.8,7.4,61632,4.9
0500000US42077,"Lehigh County, Pennsylvania",217021,11.1,10424,15828,81963,41670,23499,47407,29862,4.2,6.3,32.7,16.6,9.4,18.9,11.9,66214,6.2
0500000US42079,"Luzerne County, Pennsylvania",184148,13.0,7028,15323,87923,39048,24364,33124,20404,3.1,6.7,38.7,17.2,10.7,14.6,9.0,53194,6.0
0500000US42081,"Lycoming County, Pennsylvania",63691,12.8,1942,5731,30375,13964,9582,12546,6340,2.4,7.1,37.7,17.4,11.9,15.6,7.9,54906,5.1
0500000US42083,"McKean County, Pennsylvania",22937,15.8,706,1696,13680,4610,2987,3552,1986,2.4,5.8,46.8,15.8,10.2,12.2,6.8,49240,6.5
0500000US42085,"Mercer County, Pennsylvania",60037,14.0,2331,5622,32772,12188,7670,11376,6429,3.0,7.2,41.8,15.5,9.8,14.5,8.2,50529,5.8
0500000US42087,"Mifflin County, Pennsylvania",25684,13.0,1517,3423,16207,4603,2414,2758,1526,4.7,10.5,49.9,14.2,7.4,8.5,4.7,52641,3.5
0500000US42089,"Monroe County, Pennsylvania",104803,10.3,3737,8558,40912,24120,10091,18474,11947,3.2,7.3,34.7,20.5,8.6,15.7,10.1,68734,6.2
0500000US42091,"Montgomery County, Pennsylvania",488854,5.5,12113,20785,135488,82408,42615,164225,125003,2.1,3.6,23.3,14.1,7.3,28.2,21.5,93518,4.5
0500000US42093,"Montour County, Pennsylvania",10389,8.9,365,813,5219,1566,917,2159,2211,2.8,6.1,39.4,11.8,6.9,16.3,16.7,59915,1.7
0500000US42095,"Northampton County, Pennsylvania",177268,7.9,5801,12862,72965,34551,19428,42108,25916,2.7,6.0,34.2,16.2,9.1,19.7,12.1,73088,4.6
0500000US42097,"Northumberland County, Pennsylvania",51334,12.7,1882,5367,32946,9231,5380,8262,3657,2.8,8.0,49.4,13.8,8.1,12.4,5.5,49273,4.2
0500000US42099,"Perry County, Pennsylvania",27551,8.1,1125,2787,14917,4954,3105,4210,1874,3.4,8.5,45.2,15.0,9.4,12.8,5.7,70660,3.4
0500000US42101,"Philadelphia County, Pennsylvania",990941,21.0,56891,97453,344083,180951,64875,194201,143829,5.3,9.0,31.8,16.7,6.0,17.9,13.3,49127,8.8
0500000US42103,"Pike County, Pennsylvania",33184,8.9,609,2545,14067,9018,4119,6635,4625,1.5,6.1,33.8,21.7,9.9,15.9,11.1,67495,7.8
0500000US42105,"Potter County, Pennsylvania",9196,11.4,331,1018,5593,2187,1147,1191,661,2.7,8.4,46.1,18.0,9.5,9.8,5.5,47696,6.8
0500000US42107,"Schuylkill County, Pennsylvania",79523,12.5,2884,8141,47670,16393,11225,12030,5586,2.8,7.8,45.9,15.8,10.8,11.6,5.4,53703,5.2
0500000US42109,"Snyder County, Pennsylvania",22266,7.8,1470,2134,12092,3366,2324,3576,2134,5.4,7.9,44.6,12.4,8.6,13.2,7.9,60227,2.5
0500000US42111,"Somerset County, Pennsylvania",39950,10.0,2249,3933,26970,7710,5217,6052,3201,4.1,7.1,48.7,13.9,9.4,10.9,5.8,51255,4.8
0500000US42113,"Sullivan County, Pennsylvania",3632,11.9,142,359,2305,712,549,567,327,2.9,7.2,46.5,14.4,11.1,11.4,6.6,49830,5.0
0500000US42115,"Susquehanna County, Pennsylvania",23401,11.4,529,2354,13852,5018,2659,3767,2022,1.8,7.8,45.9,16.6,8.8,12.5,6.7,55788,6.1
0500000US42117,"Tioga County, Pennsylvania",23477,12.6,521,1986,13043,5183,2703,3540,2224,1.8,6.8,44.7,17.8,9.3,12.1,7.6,51838,5.2
0500000US42119,"Union County, Pennsylvania",20514,12.4,1153,2559,12518,3967,2568,3925,3846,3.8,8.4,41.0,13.0,8.4,12.9,12.6,56824,2.9
0500000US42121,"Venango County, Pennsylvania",29456,13.6,1173,2231,18195,5539,3446,4948,2358,3.1,5.9,48.0,14.6,9.1,13.1,6.2,51405,6.6
0500000US42123,"Warren County, Pennsylvania",22567,11.2,558,1421,13158,5055,3245,3730,1917,1.9,4.9,45.2,17.4,11.2,12.8,6.6,52034,4.4
0500000US42125,"Washington County, Pennsylvania",120550,8.9,2866,6823,55803,23626,14457,29871,15905,1.9,4.6,37.4,15.8,9.7,20.0,10.6,65478,5.4
0500000US42127,"Wayne County, Pennsylvania",27382,11.5,1048,2884,16644,7064,3533,4892,3223,2.7,7.3,42.4,18.0,9.0,12.5,8.2,55572,5.1
0500000US42129,"Westmoreland County, Pennsylvania",202546,9.3,4095,9364,93365,44200,30417,50151,28614,1.6,3.6,35.9,17.0,11.7,19.3,11.0,61398,4.7
0500000US42131,"Wyoming County, Pennsylvania",15552,10.2,250,1150,9005,3310,1767,2605,1425,1.3,5.9,46.2,17.0,9.1,13.4,7.3,60075,4.9
0500000US42133,"York County, Pennsylvania",265070,8.1,8862,21391,122486,51458,29677,51084,27701,2.8,6.8,39.2,16.5,9.5,16.3,8.9,68940,4.6
0500000US55001,"Adams County, Wisconsin",10239,12.2,329,1706,6680,3769,1332,1706,688,2.0,10.5,41.2,23.3,8.2,10.5,4.2,48906,5.8
0500000US55003,"Ashland County, Wisconsin",8689,14.6,162,555,3953,2516,1423,1393,654,1.5,5.2,37.1,23.6,13.4,13.1,6.1,47869,5.8
0500000US55005,"Barron County, Wisconsin",25233,11.8,1161,1864,11532,6471,4483,4480,2155,3.6,5.8,35.9,20.1,13.9,13.9,6.7,52346,2.9
0500000US55007,"Bayfield County, Wisconsin",8179,12.3,91,409,3254,2684,1433,2388,1328,0.8,3.5,28.1,23.2,12.4,20.6,11.5,57257,4.0
0500000US55009,"Brown County, Wisconsin",155718,9.2,5525,7713,52634,34417,22354,37418,15976,3.1,4.4,29.9,19.6,12.7,21.3,9.1,64728,2.8
0500000US55011,"Buffalo County, Wisconsin",7490,7.7,220,559,3806,1747,1384,1267,560,2.3,5.9,39.9,18.3,14.5,13.3,5.9,58364,2.1
0500000US55013,"Burnett County, Wisconsin",8218,14.2,164,660,4367,2776,1371,1753,739,1.4,5.6,36.9,23.5,11.6,14.8,6.2,53555,5.6
0500000US55015,"Calumet County, Wisconsin",30616,4.5,704,1053,10995,6423,4992,7721,2587,2.0,3.1,31.9,18.6,14.5,22.4,7.5,76065,2.2
0500000US55017,"Chippewa County, Wisconsin",36320,8.9,889,2341,15321,9602,7312,7025,3041,2.0,5.1,33.6,21.1,16.1,15.4,6.7,61215,2.6
0500000US55019,"Clark County, Wisconsin",18587,10.2,2286,1398,8693,4113,2268,2105,809,10.5,6.5,40.1,19.0,10.5,9.7,3.7,54463,3.0
0500000US55021,"Columbia County, Wisconsin",33875,6.8,773,1946,13341,9795,5134,6739,3130,1.9,4.8,32.7,24.0,12.6,16.5,7.7,69262,2.9
0500000US55023,"Crawford County, Wisconsin",8605,11.4,323,639,4609,2648,1302,1561,664,2.7,5.4,39.2,22.5,11.1,13.3,5.7,51218,2.6
0500000US55025,"Dane County, Wisconsin",346348,12.5,5318,8352,61911,59995,34976,112116,75811,1.5,2.3,17.3,16.7,9.8,31.3,21.1,75179,2.5
0500000US55027,"Dodge County, Wisconsin",51843,7.7,1524,4080,25610,13417,7621,7993,3473,2.4,6.4,40.2,21.1,12.0,12.5,5.5,62591,4.1
0500000US55029,"Door County, Wisconsin",14723,9.0,146,811,6559,4662,1944,4973,2535,0.7,3.7,30.3,21.6,9.0,23.0,11.7,61765,3.5
0500000US55031,"Douglas County, Wisconsin",26124,12.1,434,1522,8935,8015,4227,5365,2676,1.4,4.9,28.7,25.7,13.6,17.2,8.6,56855,4.0
0500000US55033,"Dunn County, Wisconsin",25931,13.6,602,1198,8851,5572,3143,5337,2838,2.2,4.3,32.1,20.2,11.4,19.4,10.3,59588,3.4
0500000US55035,"Eau Claire County, Wisconsin",63653,15.4,1310,1953,16970,13754,10168,14580,7426,2.0,3.0,25.6,20.8,15.4,22.0,11.2,62508,3.9
0500000US55037,"Florence County, Wisconsin",2508,10.1,48,191,1257,808,412,538,198,1.4,5.5,36.4,23.4,11.9,15.6,5.7,50821,5.7
0500000US55039,"Fond du Lac County, Wisconsin",59410,7.2,1534,3981,25629,14883,8613,11257,5883,2.1,5.5,35.7,20.7,12.0,15.7,8.2,64147,3.6
0500000US55041,"Forest County, Wisconsin",5033,17.0,183,476,2533,1558,745,696,289,2.8,7.3,39.1,24.0,11.5,10.7,4.5,48394,4.9
0500000US55043,"Grant County, Wisconsin",29040,16.0,1239,1343,11103,6375,4493,4630,2783,3.9,4.2,34.7,19.9,14.1,14.5,8.7,54144,3.0
0500000US55045,"Green County, Wisconsin",21719,7.3,503,1517,9187,5531,3315,4198,1904,1.9,5.8,35.1,21.1,12.7,16.1,7.3,66212,3.3
0500000US55047,"Green Lake County, Wisconsin",10385,10.2,440,801,5202,2828,1240,1933,848,3.3,6.0,39.1,21.3,9.3,14.5,6.4,57339,3.0
0500000US55049,"Iowa County, Wisconsin",13870,7.2,228,537,5703,3984,2009,2749,1461,1.4,3.2,34.2,23.9,12.1,16.5,8.8,68714,2.1
0500000US55051,"Iron County, Wisconsin",3072,15.8,37,187,1477,1163,713,737,259,0.8,4.1,32.3,25.4,15.6,16.1,5.7,45588,5.5
0500000US55053,"Jackson County, Wisconsin",11168,12.1,533,858,6244,3054,1629,1408,871,3.7,5.9,42.8,20.9,11.2,9.6,6.0,55228,5.2
0500000US55055,"Jefferson County, Wisconsin",49930,7.7,1845,2858,19214,12551,6850,10956,4811,3.1,4.8,32.5,21.2,11.6,18.5,8.1,67167,3.3
0500000US55057,"Juneau County, Wisconsin",14586,15.0,481,1518,7882,4569,2185,2029,903,2.5,7.8,40.3,23.4,11.2,10.4,4.6,53928,3.8
0500000US55059,"Kenosha County, Wisconsin",103460,10.9,4534,6670,33456,26394,11424,20237,11461,4.0,5.8,29.3,23.1,10.0,17.7,10.0,66595,6.4
0500000US55061,"Kewaunee County, Wisconsin",11839,6.7,329,595,5715,3047,1963,2149,749,2.3,4.1,39.3,20.9,13.5,14.8,5.1,68474,2.0
0500000US55063,"La Crosse County, Wisconsin",71648,15.4,1361,2238,18928,16261,9889,17223,10265,1.8,2.9,24.9,21.3,13.0,22.6,13.5,60307,3.5
0500000US55065,"Lafayette County, Wisconsin",9452,9.4,439,526,4618,2238,1366,1541,670,3.9,4.6,40.5,19.6,12.0,13.5,5.9,61070,1.8
0500000US55067,"Langlade County, Wisconsin",10760,11.9,321,1111,5969,2841,1506,1516,818,2.3,7.9,42.4,20.2,10.7,10.8,5.8,52074,4.8
0500000US55069,"Lincoln County, Wisconsin",16322,8.3,460,1240,8003,4485,2588,2675,1179,2.2,6.0,38.8,21.7,12.5,13.0,5.7,59183,3.9
0500000US55071,"Manitowoc County, Wisconsin",46481,8.3,1332,2626,20679,12688,7064,8704,3771,2.3,4.6,36.4,22.3,12.4,15.3,6.6,58464,2.4
0500000US55073,"Marathon County, Wisconsin",80302,8.2,2947,4224,31860,17568,12723,17193,7479,3.1,4.5,33.9,18.7,13.5,18.3,8.0,63029,3.0
0500000US55075,"Marinette County, Wisconsin",22846,11.6,763,1947,12138,6768,3506,3283,1665,2.5,6.5,40.4,22.5,11.7,10.9,5.5,52385,4.4
0500000US55077,"Marquette County, Wisconsin",8541,9.9,245,853,4779,2750,1243,1163,468,2.1,7.4,41.6,23.9,10.8,10.1,4.1,53293,4.2
0500000US55078,"Menominee County, Wisconsin",2455,26.1,49,167,1134,507,300,257,187,1.9,6.4,43.6,19.5,11.5,9.9,7.2,47188,10.4
0500000US55079,"Milwaukee County, Wisconsin",577959,16.6,25622,45396,183048,129148,49869,126353,71290,4.1,7.2,29.0,20.5,7.9,20.0,11.3,52260,5.1
0500000US55081,"Monroe County, Wisconsin",26414,8.9,1198,1690,11116,6862,3703,4629,2032,3.8,5.4,35.6,22.0,11.9,14.8,6.5,60595,2.3
0500000US55083,"Oconto County, Wisconsin",22386,9.4,567,1842,11556,5721,3390,3567,1166,2.0,6.6,41.6,20.6,12.2,12.8,4.2,64528,2.6
0500000US55085,"Oneida County, Wisconsin",19839,8.3,419,1229,8559,6551,3299,4531,2642,1.5,4.5,31.4,24.1,12.1,16.6,9.7,58156,2.2
0500000US55087,"Outagamie County, Wisconsin",113236,6.5,2730,4830,39243,25069,17002,26515,11605,2.1,3.8,30.9,19.7,13.4,20.9,9.1,68441,3.2
0500000US55089,"Ozaukee County, Wisconsin",50846,4.7,711,1274,12983,11509,4871,18995,11905,1.1,2.0,20.9,18.5,7.8,30.5,19.1,84394,2.7
0500000US55091,"Pepin County, Wisconsin",4102,9.2,170,314,2015,1075,624,745,308,3.2,6.0,38.4,20.5,11.9,14.2,5.9,58750,2.4
0500000US55093,"Pierce County, Wisconsin",25016,10.9,387,1043,8163,5825,3303,5266,2711,1.4,3.9,30.6,21.8,12.4,19.7,10.2,73873,3.1
0500000US55095,"Polk County, Wisconsin",25371,8.7,418,1427,11375,6954,4231,4962,2169,1.3,4.5,36.1,22.1,13.4,15.7,6.9,61814,3.9
0500000US55097,"Portage County, Wisconsin",42589,12.8,922,1788,14623,8023,5130,10697,4613,2.0,3.9,31.9,17.5,11.2,23.4,10.1,60316,3.3
0500000US55099,"Price County, Wisconsin",7576,13.2,172,656,4068,2312,1366,1277,462,1.7,6.4,39.4,22.4,13.2,12.4,4.5,49749,1.8
0500000US55101,"Racine County, Wisconsin",114670,11.3,3688,8274,42216,30869,14484,22829,11740,2.8,6.2,31.5,23.0,10.8,17.0,8.8,62556,4.0
0500000US55103,"Richland County, Wisconsin",9489,12.4,515,672,4968,2397,1364,1571,866,4.2,5.4,40.2,19.4,11.0,12.7,7.0,52052,2.1
0500000US55105,"Rock County, Wisconsin",96143,10.5,2636,6575,38365,24360,12909,17758,8330,2.4,5.9,34.6,22.0,11.6,16.0,7.5,59519,4.5
0500000US55107,"Rusk County, Wisconsin",7721,11.7,348,813,4153,1921,1316,1216,525,3.4,7.9,40.4,18.7,12.8,11.8,5.1,48961,4.1
0500000US55109,"St. Croix County, Wisconsin",54613,5.0,608,1621,14711,12765,8740,15392,6968,1.0,2.7,24.2,21.0,14.4,25.3,11.5,84985,2.1
0500000US55111,"Sauk County, Wisconsin",37463,8.5,1190,2731,15312,9531,5373,7418,3228,2.7,6.1,34.2,21.3,12.0,16.6,7.2,62808,2.3
0500000US55113,"Sawyer County, Wisconsin",8885,15.6,236,737,4082,2914,1339,1993,1087,1.9,5.9,33.0,23.5,10.8,16.1,8.8,52022,5.0
0500000US55115,"Shawano County, Wisconsin",23210,9.5,605,1733,12792,5583,3718,3248,1521,2.1,5.9,43.8,19.1,12.7,11.1,5.2,57322,3.2
0500000US55117,"Sheboygan County, Wisconsin",66826,6.6,1752,3307,28171,17117,9123,14376,6229,2.2,4.1,35.2,21.4,11.4,18.0,7.8,62101,3.3
0500000US55119,"Taylor County, Wisconsin",11570,8.4,559,1115,6028,2710,1443,1515,779,4.0,7.9,42.6,19.2,10.2,10.7,5.5,52860,3.6
0500000US55121,"Trempealeau County, Wisconsin",16717,6.7,617,997,7843,3843,2969,2699,1122,3.1,5.0,39.0,19.1,14.8,13.4,5.6,59606,2.5
0500000US55123,"Vernon County, Wisconsin",16675,11.8,1178,917,7591,3844,2440,3126,1610,5.7,4.4,36.7,18.6,11.8,15.1,7.8,54549,2.3
0500000US55125,"Vilas County, Wisconsin",11365,11.8,152,778,5385,4338,1817,3102,1687,0.9,4.5,31.2,25.1,10.5,18.0,9.8,50039,5.6
0500000US55127,"Walworth County, Wisconsin",61544,10.6,1604,4264,20975,15242,6467,12932,7361,2.3,6.2,30.5,22.1,9.4,18.8,10.7,66034,3.4
0500000US55129,"Washburn County, Wisconsin",8554,13.1,232,646,3924,2883,1534,1940,753,1.9,5.4,32.9,24.2,12.9,16.3,6.3,51711,3.6
0500000US55131,"Washington County, Wisconsin",81190,4.8,1067,3621,28286,19772,11529,22185,9393,1.1,3.8,29.5,20.6,12.0,23.1,9.8,80839,2.9
0500000US55133,"Waukesha County, Wisconsin",238618,4.6,3270,7522,62070,57487,26858,84600,42942,1.1,2.6,21.8,20.2,9.4,29.7,15.1,88985,3.0
0500000US55135,"Waupaca County, Wisconsin",29807,8.3,802,2246,15286,6958,4022,5600,2171,2.2,6.1,41.2,18.8,10.8,15.1,5.9,60106,2.3
0500000US55137,"Waushara County, Wisconsin",12853,9.9,723,1423,7744,3871,1579,2010,1050,3.9,7.7,42.1,21.0,8.6,10.9,5.7,54320,4.1
0500000US55139,"Winnebago County, Wisconsin",101527,11.1,2214,5439,38053,23564,12828,23770,9736,1.9,4.7,32.9,20.4,11.1,20.6,8.4,59947,3.0
0500000US55141,"Wood County, Wisconsin",42021,9.6,1223,2717,19886,10853,6662,6709,4016,2.3,5.2,38.2,20.8,12.8,12.9,7.7,55684,4.0
